{
  "val": {
    "accuracy": 0.7313084112149533,
    "f1_macro": 0.7217500614039172,
    "f1_BIRADS_1": 0.7047619047619048,
    "precision_BIRADS_1": 0.6776556776556777,
    "recall_BIRADS_1": 0.7341269841269841,
    "f1_BIRADS_2": 0.7550295857988165,
    "precision_BIRADS_2": 0.7384259259259259,
    "recall_BIRADS_2": 0.7723970944309927,
    "f1_BIRADS_4": 0.6324110671936759,
    "precision_BIRADS_4": 0.7239819004524887,
    "recall_BIRADS_4": 0.5614035087719298,
    "f1_BIRADS_5": 0.7947976878612717,
    "precision_BIRADS_5": 0.7681564245810056,
    "recall_BIRADS_5": 0.8233532934131736,
    "binary_f1": 0.9482470784641068,
    "binary_accuracy": 0.9517133956386293,
    "cohen_kappa": 0.6365700840192734,
    "auc_roc_macro": 0.9140327254092167,
    "ece_15bins": 0.19672430325241475,
    "brier": 0.4593916523190749,
    "mean_confidence": 0.5355221033096313
  },
  "test": {
    "accuracy": 0.7444108761329306,
    "f1_macro": 0.6762204313290178,
    "f1_BIRADS_1": 0.5313432835820896,
    "precision_BIRADS_1": 0.5174418604651163,
    "recall_BIRADS_1": 0.5460122699386503,
    "f1_BIRADS_2": 0.7982608695652174,
    "precision_BIRADS_2": 0.8285198555956679,
    "recall_BIRADS_2": 0.7701342281879194,
    "f1_BIRADS_4": 0.5181347150259067,
    "precision_BIRADS_4": 0.5154639175257731,
    "recall_BIRADS_4": 0.5208333333333334,
    "f1_BIRADS_5": 0.8571428571428571,
    "precision_BIRADS_5": 0.8369905956112853,
    "recall_BIRADS_5": 0.8782894736842105,
    "binary_f1": 0.9391780821917808,
    "binary_accuracy": 0.9329305135951662,
    "cohen_kappa": 0.6332996873384377,
    "auc_roc_macro": 0.9021597357826181,
    "ece_15bins": 0.21406155522136175,
    "brier": 0.442155823877044,
    "mean_confidence": 0.5451542139053345
  },
  "val_test_gap_f1_macro_pp": 4.552963007489941,
  "confusion_matrix_test": [
    [
      89,
      60,
      14,
      0
    ],
    [
      79,
      459,
      58,
      0
    ],
    [
      3,
      31,
      150,
      104
    ],
    [
      1,
      4,
      69,
      534
    ]
  ],
  "learned_temperature": 1.5
}