{
  "results": {
    "nonTTA": {
      "rows": {
        "C0_baseline": {
          "f1_macro": 0.6762204313290178,
          "accuracy": 0.7444108761329306,
          "f1_BIRADS_1": 0.5313432835820896,
          "recall_BIRADS_1": 0.5460122699386503,
          "precision_BIRADS_1": 0.5174418604651163,
          "f1_BIRADS_2": 0.7982608695652174,
          "recall_BIRADS_2": 0.7701342281879194,
          "precision_BIRADS_2": 0.8285198555956679,
          "f1_BIRADS_4": 0.5181347150259067,
          "recall_BIRADS_4": 0.5208333333333334,
          "precision_BIRADS_4": 0.5154639175257731,
          "f1_BIRADS_5": 0.8571428571428571,
          "recall_BIRADS_5": 0.8782894736842105,
          "precision_BIRADS_5": 0.8369905956112853,
          "binary_f1": 0.9391780821917808,
          "ece_15bins": 0.15312379695857758,
          "mean_confidence": 0.6523823738098145,
          "confusion_matrix": [
            [
              89,
              60,
              14,
              0
            ],
            [
              79,
              459,
              58,
              0
            ],
            [
              3,
              31,
              150,
              104
            ],
            [
              1,
              4,
              69,
              534
            ]
          ]
        },
        "C1_plus_Tscale": {
          "f1_macro": 0.6762204313290178,
          "accuracy": 0.7444108761329306,
          "f1_BIRADS_1": 0.5313432835820896,
          "recall_BIRADS_1": 0.5460122699386503,
          "precision_BIRADS_1": 0.5174418604651163,
          "f1_BIRADS_2": 0.7982608695652174,
          "recall_BIRADS_2": 0.7701342281879194,
          "precision_BIRADS_2": 0.8285198555956679,
          "f1_BIRADS_4": 0.5181347150259067,
          "recall_BIRADS_4": 0.5208333333333334,
          "precision_BIRADS_4": 0.5154639175257731,
          "f1_BIRADS_5": 0.8571428571428571,
          "recall_BIRADS_5": 0.8782894736842105,
          "precision_BIRADS_5": 0.8369905956112853,
          "binary_f1": 0.9391780821917808,
          "ece_15bins": 0.13228014383431286,
          "mean_confidence": 0.7294908761978149,
          "confusion_matrix": [
            [
              89,
              60,
              14,
              0
            ],
            [
              79,
              459,
              58,
              0
            ],
            [
              3,
              31,
              150,
              104
            ],
            [
              1,
              4,
              69,
              534
            ]
          ]
        },
        "C2_plus_T_gate": {
          "f1_macro": 0.6765087226701133,
          "accuracy": 0.7438066465256797,
          "f1_BIRADS_1": 0.5313432835820896,
          "recall_BIRADS_1": 0.5460122699386503,
          "precision_BIRADS_1": 0.5174418604651163,
          "f1_BIRADS_2": 0.7993049522154648,
          "recall_BIRADS_2": 0.7718120805369127,
          "precision_BIRADS_2": 0.8288288288288288,
          "f1_BIRADS_4": 0.5205479452054794,
          "recall_BIRADS_4": 0.5277777777777778,
          "precision_BIRADS_4": 0.5135135135135135,
          "f1_BIRADS_5": 0.8548387096774194,
          "recall_BIRADS_5": 0.8717105263157895,
          "precision_BIRADS_5": 0.8386075949367089,
          "binary_f1": 0.9396929824561403,
          "ece_15bins": 0.12443083730796667,
          "mean_confidence": 0.7159444081113067,
          "confusion_matrix": [
            [
              89,
              60,
              14,
              0
            ],
            [
              79,
              460,
              57,
              0
            ],
            [
              3,
              31,
              152,
              102
            ],
            [
              1,
              4,
              73,
              530
            ]
          ]
        },
        "C3_plus_T_thresh": {
          "f1_macro": 0.6708796619276112,
          "accuracy": 0.7232628398791541,
          "f1_BIRADS_1": 0.5325443786982249,
          "recall_BIRADS_1": 0.5521472392638037,
          "precision_BIRADS_1": 0.5142857142857142,
          "f1_BIRADS_2": 0.7464655984919887,
          "recall_BIRADS_2": 0.6644295302013423,
          "precision_BIRADS_2": 0.8516129032258064,
          "f1_BIRADS_4": 0.5457142857142857,
          "recall_BIRADS_4": 0.6631944444444444,
          "precision_BIRADS_4": 0.46359223300970875,
          "f1_BIRADS_5": 0.8587943848059455,
          "recall_BIRADS_5": 0.8552631578947368,
          "precision_BIRADS_5": 0.8623548922056384,
          "binary_f1": 0.9199372056514914,
          "ece_15bins": 0.15206135538409488,
          "mean_confidence": 0.7177392244338989,
          "confusion_matrix": [
            [
              90,
              56,
              17,
              0
            ],
            [
              81,
              396,
              119,
              0
            ],
            [
              3,
              11,
              191,
              83
            ],
            [
              1,
              2,
              85,
              520
            ]
          ]
        },
        "Cfull_T_gate_thresh": {
          "f1_macro": 0.6621154688080804,
          "accuracy": 0.718429003021148,
          "f1_BIRADS_1": 0.5325443786982249,
          "recall_BIRADS_1": 0.5521472392638037,
          "precision_BIRADS_1": 0.5142857142857142,
          "f1_BIRADS_2": 0.7476459510357816,
          "recall_BIRADS_2": 0.6661073825503355,
          "precision_BIRADS_2": 0.851931330472103,
          "f1_BIRADS_4": 0.5134328358208955,
          "recall_BIRADS_4": 0.5972222222222222,
          "precision_BIRADS_4": 0.450261780104712,
          "f1_BIRADS_5": 0.8548387096774194,
          "recall_BIRADS_5": 0.8717105263157895,
          "precision_BIRADS_5": 0.8386075949367089,
          "binary_f1": 0.9204188481675393,
          "ece_15bins": 0.1218123807205628,
          "mean_confidence": 0.694766796735083,
          "confusion_matrix": [
            [
              90,
              56,
              17,
              0
            ],
            [
              81,
              397,
              118,
              0
            ],
            [
              3,
              11,
              172,
              102
            ],
            [
              1,
              2,
              75,
              530
            ]
          ]
        },
        "Crec_T_gate": {
          "f1_macro": 0.6765087226701133,
          "accuracy": 0.7438066465256797,
          "f1_BIRADS_1": 0.5313432835820896,
          "recall_BIRADS_1": 0.5460122699386503,
          "precision_BIRADS_1": 0.5174418604651163,
          "f1_BIRADS_2": 0.7993049522154648,
          "recall_BIRADS_2": 0.7718120805369127,
          "precision_BIRADS_2": 0.8288288288288288,
          "f1_BIRADS_4": 0.5205479452054794,
          "recall_BIRADS_4": 0.5277777777777778,
          "precision_BIRADS_4": 0.5135135135135135,
          "f1_BIRADS_5": 0.8548387096774194,
          "recall_BIRADS_5": 0.8717105263157895,
          "precision_BIRADS_5": 0.8386075949367089,
          "binary_f1": 0.9396929824561403,
          "ece_15bins": 0.12443083730796667,
          "mean_confidence": 0.7159444081113067,
          "confusion_matrix": [
            [
              89,
              60,
              14,
              0
            ],
            [
              79,
              460,
              57,
              0
            ],
            [
              3,
              31,
              152,
              102
            ],
            [
              1,
              4,
              73,
              530
            ]
          ]
        }
      },
      "baseline_f1": 0.6762204313290178,
      "T_opt": 0.7346959114074707,
      "d1": 0.06,
      "d4": 0.43
    },
    "tta8": {
      "rows": {
        "C0_baseline": {
          "f1_macro": 0.6807567431815297,