{
  "nonTTA": {
    "T_optimal": 0.7346959114074707,
    "restarts": [
      {
        "start_T": 0.5,
        "converged_T": 0.7327719926834106,
        "val_nll": 0.7254745364189148
      },
      {
        "start_T": 1.0,
        "converged_T": 0.7346959114074707,
        "val_nll": 0.7254740595817566
      },
      {
        "start_T": 1.5,
        "converged_T": 0.7347334623336792,
        "val_nll": 0.7254741191864014
      }
    ],
    "val_T1.0": {
      "T": 1.0,
      "nll": 0.75032639503479,
      "ece_15bins": 0.12453478433168563,
      "brier": 0.4218053332894568,
      "mean_confidence": 0.6425185203552246,
      "f1_macro": 0.7217500614039172,
      "accuracy": 0.7313084112149533
    },
    "val_T1.5": {
      "T": 1.5,
      "nll": 0.8396422266960144,
      "ece_15bins": 0.19672430325241475,
      "brier": 0.4593916523190749,
      "mean_confidence": 0.5355221033096313,
      "f1_macro": 0.7217500614039172,
      "accuracy": 0.7313084112149533
    },
    "val_Topt": {
      "T": 0.7346959114074707,
      "nll": 0.7254741191864014,
      "ece_15bins": 0.12074471434514471,
      "brier": 0.4099931494696856,
      "mean_confidence": 0.7229933142662048,
      "f1_macro": 0.7217500614039172,
      "accuracy": 0.7313084112149533
    },
    "test_T1.0": {
      "T": 1.0,
      "nll": 0.7269697189331055,
      "ece_15bins": 0.15312379695857758,
      "brier": 0.4053778029060494,
      "mean_confidence": 0.6523823738098145,
      "f1_macro": 0.6762204313290178,
      "accuracy": 0.7444108761329306
    },
    "test_T1.5": {
      "T": 1.5,
      "nll": 0.8182991147041321,
      "ece_15bins": 0.21406155522136175,
      "brier": 0.442155823877044,
      "mean_confidence": 0.5451542139053345,
      "f1_macro": 0.6762204313290178,
      "accuracy": 0.7444108761329306
    },
    "test_Topt": {
      "T": 0.7346959114074707,
      "nll": 0.7016361951828003,
      "ece_15bins": 0.13228014383431286,
      "brier": 0.39443714006463937,
      "mean_confidence": 0.7294908761978149,
      "f1_macro": 0.6762204313290178,
      "accuracy": 0.7444108761329306
    },
    "delta_test_ece_Topt_vs_T1": -0.020843653124264727,
    "delta_test_nll_Topt_vs_T1": -0.025333523750305176
  },
  "tta8": {
    "T_optimal": 0.7228571176528931,
    "restarts": [
      {
        "start_T": 0.5,
        "converged_T": 0.7213272452354431,
        "val_nll": 0.7149531245231628
      },
      {
        "start_T": 1.0,
        "converged_T": 0.7228571176528931,
        "val_nll": 0.7149530649185181
      },
      {
        "start_T": 1.5,
        "converged_T": 0.7232998609542847,
        "val_nll": 0.7149534225463867
      }
    ],
    "val_T1.0": {
      "T": 1.0,
      "nll": 0.7423691153526306,
      "ece_15bins": 0.13002606309555775,
      "brier": 0.4201894022108816,
      "mean_confidence": 0.6410933136940002,
      "f1_macro": 0.7257179303977881,
      "accuracy": 0.7336448598130841
    },
    "val_T1.5": {
      "T": 1.5,
      "nll": 0.8342770934104919,
      "ece_15bins": 0.21310107709369921,
      "brier": 0.4576588733038423,
      "mean_confidence": 0.5345004796981812,
      "f1_macro": 0.7257179303977881,
      "accuracy": 0.7336448598130841
    },
    "val_Topt": {
      "T": 0.7228571176528931,
      "nll": 0.7149530649185181,
      "ece_15bins": 0.12199199622108187,
      "brier": 0.40869390224847696,
      "mean_confidence": 0.7250470519065857,
      "f1_macro": 0.7257179303977881,
      "accuracy": 0.7336448598130841
    },
    "test_T1.0": {
      "T": 1.0,
      "nll": 0.7179955840110779,
      "ece_15bins": 0.16093648347969863,
      "brier": 0.4013018031985559,
      "mean_confidence": 0.6475004553794861,
      "f1_macro": 0.6807567431815297,
      "accuracy": 0.7468277945619335
    },
    "test_T1.5": {
      "T": 1.5,
      "nll": 0.8139769434928894,
      "ece_15bins": 0.2120941818840914,
      "brier": 0.4398143031513235,
      "mean_confidence": 0.5414206981658936,
      "f1_macro": 0.6807567431815297,
      "accuracy": 0.7468277945619335
    },
    "test_Topt": {
      "T": 0.7228571176528931,
      "nll": 0.6867712140083313,
      "ece_15bins": 0.1290864581247831,
      "brier": 0.38870910352804205,
      "mean_confidence": 0.7275688648223877,
      "f1_macro": 0.6807567431815297,
      "accuracy": 0.7468277945619335
    },
    "delta_test_ece_Topt_vs_T1": -0.031850025354915545,
    "delta_test_nll_Topt_vs_T1": -0.031224370002746582
  }
}