{
  "nonTTA_T_optimal": 0.7346959114074707,
  "tta8_T_optimal": 0.7228571176528931
}