{
  "baseline_test_f1_macro": 0.6762204313290178,
  "results": {
    "tta8": {
      "val": {
        "accuracy": 0.7336448598130841,
        "f1_macro": 0.7257179303977881,
        "f1_BIRADS_1": 0.7099099099099099,
        "recall_BIRADS_1": 0.7817460317460317,
        "f1_BIRADS_2": 0.7493857493857494,
        "recall_BIRADS_2": 0.738498789346247,
        "f1_BIRADS_4": 0.6429980276134122,
        "recall_BIRADS_4": 0.5719298245614035,
        "f1_BIRADS_5": 0.8005780346820809,
        "recall_BIRADS_5": 0.8293413173652695,
        "binary_f1": 0.9541284403669725,
        "cohen_kappa": 0.6411898565586328,
        "auc_roc_macro": 0.9157093610577447,
        "ece_15bins": 0.13002606309555775,
        "brier": 0.4201894022108816,
        "mean_confidence": 0.6410933136940002
      },
      "test": {
        "accuracy": 0.7468277945619335,
        "f1_macro": 0.6807567431815297,
        "f1_BIRADS_1": 0.5371428571428571,
        "recall_BIRADS_1": 0.5766871165644172,
        "f1_BIRADS_2": 0.8014184397163121,
        "recall_BIRADS_2": 0.7583892617449665,
        "f1_BIRADS_4": 0.5277777777777778,
        "recall_BIRADS_4": 0.5277777777777778,
        "f1_BIRADS_5": 0.856687898089172,
        "recall_BIRADS_5": 0.8848684210526315,
        "binary_f1": 0.9454148471615721,
        "cohen_kappa": 0.6378014817105274,
        "auc_roc_macro": 0.9041936936623227,
        "ece_15bins": 0.16093648347969863,
        "brier": 0.4013018031985559,
        "mean_confidence": 0.6475004553794861
      },
      "confusion_matrix_test": [
        [
          94,
          56,
          13,
          0
        ],
        [
          87,
          452,
          57,
          0
        ],
        [
          4,
          22,
          152,
          110
        ],
        [
          2,
          2,
          66,
          538
        ]
      ]
    },
    "tta4": {
      "val": {
        "accuracy": 0.7320872274143302,
        "f1_macro": 0.7238139584804366,
        "f1_BIRADS_1": 0.6994535519125683,
        "recall_BIRADS_1": 0.7619047619047619,
        "f1_BIRADS_2": 0.7472527472527473,
        "recall_BIRADS_2": 0.7409200968523002,
        "f1_BIRADS_4": 0.6468253968253969,
        "recall_BIRADS_4": 0.5719298245614035,
        "f1_BIRADS_5": 0.8017241379310345,
        "recall_BIRADS_5": 0.8353293413173652,
        "binary_f1": 0.955,
        "cohen_kappa": 0.6387863700931706,
        "auc_roc_macro": 0.9149757529865529,
        "ece_15bins": 0.12824300683547402,
        "brier": 0.4203892717802518,
        "mean_confidence": 0.6404600739479065
      },
      "test": {
        "accuracy": 0.7468277945619335,
        "f1_macro": 0.6801211488564325,
        "f1_BIRADS_1": 0.5321637426900585,
        "recall_BIRADS_1": 0.558282208588957,
        "f1_BIRADS_2": 0.801056338028169,
        "recall_BIRADS_2": 0.7634228187919463,
        "f1_BIRADS_4": 0.5310344827586206,
        "recall_BIRADS_4": 0.5347222222222222,
        "f1_BIRADS_5": 0.8562300319488818,
        "recall_BIRADS_5": 0.881578947368421,
        "binary_f1": 0.9454148471615721,
        "cohen_kappa": 0.6373878349264782,
        "auc_roc_macro": 0.9043611933671983,
        "ece_15bins": 0.15187238469224684,
        "brier": 0.4011822473179888,
        "mean_confidence": 0.6480333209037781
      },
      "confusion_matrix_test": [
        [
          91,
          60,
          12,
          0
        ],
        [
          83,
          455,
          58,
          0
        ],
        [
          3,
          23,
          154,
          108
        ],
        [
          2,
          2,
          68,
          536
        ]
      ]
    },
    "incremental_test": [
      {
        "k": 1,
        "added": "identity",
        "test_f1_macro": 0.6762204313290178,
        "delta_pp": 0.0
      },
      {
        "k": 2,
        "added": "hflip_swap",
        "test_f1_macro": 0.6740392729116114,
        "delta_pp": -0.21811584174064036
      },
      {
        "k": 3,
        "added": "rot_p5",
        "test_f1_macro": 0.6777980690855734,
        "delta_pp": 0.15776377565556166
      },
      {
        "k": 4,
        "added": "rot_m5",
        "test_f1_macro": 0.6801211488564325,
        "delta_pp": 0.3900717527414721
      },
      {
        "k": 5,
        "added": "rot_p10",
        "test_f1_macro": 0.6827750549044325,
        "delta_pp": 0.6554623575414698
      },
      {
        "k": 6,
        "added": "rot_m10",
        "test_f1_macro": 0.6846637747960355,
        "delta_pp": 0.8443343467017694
      },
      {
        "k": 7,
        "added": "hflip_swap_rot_p5",
        "test_f1_macro": 0.6824852054397222,
        "delta_pp": 0.6264774110704474
      },
      {
        "k": 8,
        "added": "hflip_swap_rot_m5",
        "test_f1_macro": 0.6807567431815297,
        "delta_pp": 0.45363118525119095
      }
    ]
  },
  "tta_configs_8": [
    "identity",
    "hflip_swap",
    "rot_p5",
    "rot_m5",
    "rot_p10",
    "rot_m10",
    "hflip_swap_rot_p5",
    "hflip_swap_rot_m5"
  ],
  "tta_configs_4": [
    "identity",
    "hflip_swap",
    "rot_p5",
    "rot_m5"
  ],
  "fill_value": -0.6120384420839656,
  "temperature_used": 1.0
}